Stage,Wave,StageName,SpawnNum,M1Id,M1Num,M2Id,M2Num,M3Id,M3Num,MiniBossID,MiniBossNum,MapID,WaveTime,StageAddMHp,StageAddMAtt,ClearGoldMin,ClearGoldMax,FailGoldMin,FailGoldMax
1,1,Stage 1-1,5,21001,5,,,,,,,,15,0.821,1,125,154,43,54
1,2,Stage 1-2,5,21001,5,,,,,,,,15,0.852,1,129,159,45,56
1,3,Stage 1-3,5,21001,5,,,,,,,,15,0.883,1,134,165,47,58
1,4,Stage 1-4,5,21001,5,,,,,,,,15,1.031,1,139,170,48,60
1,5,Stage 1-5,8,21001,8,,,,,,,,15,1.069,1,230,282,80,99
1,6,Stage 1-6,8,21001,8,,,,,,,,15,1.232,1,238,292,83,103
1,7,Stage 1-7,8,21001,8,,,,,,,,15,1.278,1,247,303,86,106
1,8,Stage 1-8,8,21001,8,,,,,,,,15,1.325,1,256,313,89,110
1,9,Stage 1-9,8,21001,8,,,,,,,,15,1.374,1,265,325,92,114
1,10,Stage 1-10,8,21001,7,,,,,821001,1,,15,1.425,1,264,324,92,114
1,11,Stage 1-11,12,21001,8,21002,4,,,,,,15,1.56,1,426,522,149,183
1,12,Stage 1-12,12,21001,8,21002,4,,,,,,15,1.6185,1,441,540,154,189
1,13,Stage 1-13,12,21001,8,21002,4,,,,,,15,1.6785,1,457,560,160,196
1,14,Stage 1-14,12,21001,8,21002,4,,,,,,15,1.7405,1,473,580,165,203
1,15,Stage 1-15,12,21001,6,21002,6,,,,,,15,1.8055,1,490,600,171,210
1,16,Stage 1-16,12,21001,6,21002,6,,,,,,15,1.8725,1,508,622,177,218
1,17,Stage 1-17,12,21001,6,21002,6,,,,,,15,1.942,1,526,644,184,226
1,18,Stage 1-18,12,21001,6,21002,6,,,,,,15,2.014,1,544,667,190,234
1,19,Stage 1-19,12,21001,6,21002,6,,,,,,15,2.089,1,564,690,197,242
1,20,Stage 1-20,12,21001,6,21002,5,,,821002,1,,15,2.167,1,589,721,206,253
2,1,Stage 2-1,5,21001,5,,,,,,,,15,1.092,1.01,136,167,47,59
2,2,Stage 2-2,5,21001,5,,,,,,,,15,1.134,1.01,140,173,49,61
2,3,Stage 2-3,5,21001,5,,,,,,,,15,1.176,1.01,145,179,51,63
2,4,Stage 2-4,5,21001,5,,,,,,,,15,1.22,1.01,150,185,52,65
2,5,Stage 2-5,8,21001,8,,,,,,,,15,1.266,1.01,249,306,87,107
2,6,Stage 2-6,8,21001,8,,,,,,,,15,1.314,1.01,258,317,90,111
2,7,Stage 2-7,8,21001,8,,,,,,,,15,1.363,1.01,267,328,93,115
2,8,Stage 2-8,8,21001,8,,,,,,,,15,1.415,1.01,277,339,96,119
2,9,Stage 2-9,8,21001,8,,,,,,,,15,1.468,1.01,286,351,100,123
2,10,Stage 2-10,8,21001,7,,,,,821001,1,,15,1.523,1.01,285,350,99,123
2,11,Stage 2-11,12,21001,8,21002,4,,,,,,15,1.668,1.01,460,564,161,198
2,12,Stage 2-12,12,21001,8,21002,4,,,,,,15,1.731,1.01,476,583,166,204
2,13,Stage 2-13,12,21001,8,21002,4,,,,,,15,1.7955,1.01,493,604,172,212
2,14,Stage 2-14,12,21001,6,21002,6,,,,,,15,1.863,1.01,510,625,178,219
2,15,Stage 2-15,12,21001,6,21002,6,,,,,,15,1.9335,1.01,528,647,185,227
2,16,Stage 2-16,12,21001,6,21002,6,,,,,,15,2.0065,1.01,547,669,191,235
2,17,Stage 2-17,12,21001,6,21002,6,,,,,,15,2.0815,1.01,566,693,198,243
2,18,Stage 2-18,12,21001,6,21002,6,,,,,,15,2.16,1.01,586,717,205,251
2,19,Stage 2-19,12,21001,6,21002,6,,,,,,15,2.241,1.01,606,742,212,260
2,20,Stage 2-20,12,21001,6,21002,5,,,821002,1,,15,2.3255,1.01,633,774,221,271
3,1,Stage 3-1,6,21001,6,,,,,,,,15,1.161,1.02,177,217,61,76
3,2,Stage 3-2,6,21001,6,,,,,,,,15,1.205,1.02,183,224,64,79
3,3,Stage 3-3,6,21001,6,,,,,,,,15,1.251,1.02,189,232,66,82
3,4,Stage 3-4,6,21001,6,,,,,,,,15,1.298,1.02,196,240,68,84
3,5,Stage 3-5,6,21001,6,,,,,,,,15,1.348,1.02,202,248,70,87
3,6,Stage 3-6,9,21001,6,21002,3,,,,,,15,1.4765,1.02,314,385,110,135
3,7,Stage 3-7,9,21001,6,21002,3,,,,,,15,1.5325,1.02,325,398,113,140
3,8,Stage 3-8,9,21001,6,21002,3,,,,,,15,1.591,1.02,336,412,117,144
3,9,Stage 3-9,9,21001,6,21002,3,,,,,,15,1.651,1.02,348,426,121,149
3,10,Stage 3-10,9,21001,5,21002,3,,,821001,1,,15,1.714,1.02,352,431,123,151
3,11,Stage 3-11,13,21001,8,21002,5,,,,,,15,1.7795,1.02,538,658,188,231
3,12,Stage 3-12,13,21001,8,21002,5,,,,,,15,1.847,1.02,556,681,194,239
3,13,Stage 3-13,13,21001,7,21002,6,,,,,,15,1.917,1.02,575,704,201,247
3,14,Stage 3-14,13,21001,7,21002,6,,,,,,15,1.99,1.02,595,728,208,255
3,15,Stage 3-15,13,21001,7,21002,6,,,,,,15,2.066,1.02,615,753,215,264
3,16,Stage 3-16,13,21001,7,22003,6,,,,,,15,1.6925,1.02,637,779,222,273
3,17,Stage 3-17,13,21001,7,22003,6,,,,,,15,1.7575,1.02,659,806,230,282
3,18,Stage 3-18,13,21001,7,22003,6,,,,,,15,1.824,1.02,681,834,238,292
3,19,Stage 3-19,13,21001,7,22003,6,,,,,,15,1.8935,1.02,705,862,246,302
3,20,Stage 3-20,13,21001,6,22003,6,,,821002,1,,15,1.9655,1.02,740,906,259,317
4,1,Stage 4-1,6,21001,6,,,,,,,,15,1.231,1.03,191,235,67,82
4,2,Stage 4-2,6,21001,6,,,,,,,,15,1.279,1.03,198,243,69,85
4,3,Stage 4-3,6,21001,6,,,,,,,,15,1.328,1.03,204,251,71,88
4,4,Stage 4-4,6,21001,6,,,,,,,,15,1.379,1.03,211,259,74,91
4,5,Stage 4-5,6,21001,6,,,,,,,,15,1.432,1.03,218,268,76,94
4,6,Stage 4-6,9,21001,6,21002,3,,,,,,15,1.5695,1.03,339,415,118,146
4,7,Stage 4-7,9,21001,6,21002,3,,,,,,15,1.6295,1.03,350,429,122,151
4,8,Stage 4-8,9,21001,6,21002,3,,,,,,15,1.692,1.03,362,444,126,156
4,9,Stage 4-9,9,21001,6,21002,3,,,,,,15,1.7565,1.03,374,459,131,161
4,10,Stage 4-10,9,21001,5,21002,3,,,821001,1,,15,1.824,1.03,378,464,132,163
4,11,Stage 4-11,13,21001,7,21002,6,,,,,,15,1.8945,1.03,578,708,202,248
4,12,Stage 4-12,13,21001,7,21002,6,,,,,,15,1.9675,1.03,598,732,209,257
4,13,Stage 4-13,13,21001,7,21002,6,,,,,,15,2.0425,1.03,618,757,216,265
4,14,Stage 4-14,13,21001,7,21002,6,,,,,,15,2.1215,1.03,639,782,223,274
4,15,Stage 4-15,13,21001,7,21002,6,,,,,,15,2.203,1.03,661,809,231,283
4,16,Stage 4-16,13,21001,7,22003,6,,,,,,15,1.806,1.03,683,836,239,293
4,17,Stage 4-17,13,21001,7,22003,6,,,,,,15,1.875,1.03,706,864,247,303
4,18,Stage 4-18,13,21001,7,22003,6,,,,,,15,1.947,1.03,730,893,255,313
4,19,Stage 4-19,13,21001,7,22003,6,,,,,,15,2.0215,1.03,755,923,264,324
4,20,Stage 4-20,13,21001,6,22003,6,,,821002,1,,15,2.0995,1.03,792,969,277,340
5,1,Stage 5-1,6,21001,6,,,,,,,,15,1.304,1.04,206,253,72,89
5,2,Stage 5-2,6,21001,6,,,,,,,,15,1.355,1.04,213,262,74,92
5,3,Stage 5-3,6,21001,6,,,,,,,,15,1.407,1.04,220,270,77,95
5,4,Stage 5-4,6,21001,6,,,,,,,,15,1.462,1.04,228,279,79,98
5,5,Stage 5-5,6,21001,6,,,,,,,,15,1.518,1.04,235,289,82,101
5,6,Stage 5-6,9,21001,5,21002,4,,,,,,15,1.6645,1.04,365,447,127,157
5,7,Stage 5-7,9,21001,5,21002,4,,,,,,15,1.729,1.04,377,462,132,162
5,8,Stage 5-8,9,21001,5,21002,4,,,,,,15,1.7965,1.04,390,477,136,167
5,9,Stage 5-9,9,21001,5,21002,4,,,,,,15,1.866,1.04,403,493,141,173
5,10,Stage 5-10,9,21001,4,21002,4,,,821001,1,,15,1.938,1.04,407,498,142,175
5,11,Stage 5-11,13,21001,7,21002,6,,,,,,15,2.013,1.04,621,760,217,266
5,12,Stage 5-12,13,21001,7,21002,6,,,,,,15,2.0915,1.04,642,785,224,275
5,13,Stage 5-13,13,21001,7,21002,6,,,,,,15,2.1725,1.04,663,812,232,284
5,14,Stage 5-14,13,21001,7,21002,6,,,,,,15,2.2565,1.04,685,839,240,294
5,15,Stage 5-15,13,21001,7,21002,6,,,,,,15,2.344,1.04,708,867,247,304
5,16,Stage 5-16,13,21001,7,22003,6,,,,,,15,1.9225,1.04,732,895,256,314
5,17,Stage 5-17,13,21001,7,22003,6,,,,,,15,1.9965,1.04,756,925,264,324
5,18,Stage 5-18,13,21001,7,22003,6,,,,,,15,2.074,1.04,781,956,273,335
5,19,Stage 5-19,13,21001,7,22003,6,,,,,,15,2.1545,1.04,807,988,282,346
5,20,Stage 5-20,13,21001,6,22003,6,,,821002,1,,15,2.238,1.04,847,1036,296,363
6,1,Stage 6-1,7,21001,7,,,,,,,,15,1.55,1.05,259,318,90,112
6,2,Stage 6-2,7,21001,7,,,,,,,,15,1.609,1.05,268,328,93,115
6,3,Stage 6-3,7,21001,7,,,,,,,,15,1.671,1.05,277,339,96,119
6,4,Stage 6-4,7,21001,7,,,,,,,,15,1.735,1.05,286,350,100,123
6,5,Stage 6-5,7,21001,7,,,,,,,,15,1.801,1.05,295,362,103,127
6,6,Stage 6-6,10,21001,6,21004,4,,,,,,15,1.654,1.05,436,533,152,187
6,7,Stage 6-7,10,21001,6,21004,4,,,,,,15,1.7175,1.05,450,551,157,193
6,8,Stage 6-8,10,21001,6,21004,4,,,,,,15,1.7835,1.05,465,569,162,199
6,9,Stage 6-9,10,21001,6,21004,4,,,,,,15,1.8515,1.05,480,588,168,206
6,10,Stage 6-10,10,21001,5,21004,4,,,821002,1,,15,1.9225,1.05,491,601,171,211
6,11,Stage 6-11,14,21001,7,21004,7,,,,,,15,1.9955,1.05,717,877,251,307
6,12,Stage 6-12,14,21001,7,21004,7,,,,,,15,2.072,1.05,741,906,259,318
6,13,Stage 6-13,14,21001,7,21004,7,,,,,,15,2.1515,1.05,765,936,267,328
6,14,Stage 6-14,14,21001,7,21004,7,,,,,,15,2.2335,1.05,790,967,276,339
6,15,Stage 6-15,14,21001,7,21004,7,,,,,,15,2.3195,1.05,816,999,285,350
6,16,Stage 6-16,14,21001,7,21004,7,,,,,,15,2.408,1.05,843,1031,295,361
6,17,Stage 6-17,14,21001,7,21004,7,,,,,,15,2.5,1.05,871,1065,304,373
6,18,Stage 6-18,14,21001,7,21004,7,,,,,,15,2.5955,1.05,899,1100,314,385
6,19,Stage 6-19,14,21001,7,21004,7,,,,,,15,2.6955,1.05,929,1136,325,398
6,20,Stage 6-20,14,21001,7,21004,6,,,821006,1,,15,2.798,1.05,980,1199,343,420
7,1,Stage 7-1,7,21001,7,,,,,,,,15,1.76,1.06,279,342,97,120
7,2,Stage 7-2,7,21001,7,,,,,,,,15,1.827,1.06,288,353,100,124
7,3,Stage 7-3,7,21001,7,,,,,,,,15,1.896,1.06,297,364,104,128
7,4,Stage 7-4,7,21001,7,,,,,,,,15,1.968,1.06,307,376,107,132
7,5,Stage 7-5,7,21001,7,,,,,,,,15,2.042,1.06,317,388,110,136
7,6,Stage 7-6,10,21006,6,21004,4,,,,,,15,1.4775,1.06,467,572,163,201
7,7,Stage 7-7,10,21006,6,21004,4,,,,,,15,1.5335,1.06,482,591,169,207
7,8,Stage 7-8,10,21006,6,21004,4,,,,,,15,1.5915,1.06,498,610,174,214
7,9,Stage 7-9,10,21006,6,21004,4,,,,,,15,1.652,1.06,514,629,180,221
7,10,Stage 7-10,10,21006,5,21004,4,,,821002,1,,15,1.714,1.06,526,643,184,226
7,11,Stage 7-11,14,21006,7,21004,7,,,,,,15,1.779,1.06,768,939,268,329
7,12,Stage 7-12,14,21006,7,21004,7,,,,,,15,1.846,1.06,792,970,277,340
7,13,Stage 7-13,14,21006,7,21004,7,,,,,,15,1.916,1.06,818,1001,286,351
7,14,Stage 7-14,14,21006,7,21004,7,,,,,,15,1.9885,1.06,845,1034,295,362
7,15,Stage 7-15,14,21006,7,21004,7,,,,,,15,2.0635,1.06,872,1067,305,374
7,16,Stage 7-16,14,21006,7,21004,7,,,,,,15,2.142,1.06,900,1101,315,386
7,17,Stage 7-17,14,21006,7,21004,7,,,,,,15,2.223,1.06,930,1137,325,398
7,18,Stage 7-18,14,21006,7,21004,7,,,,,,15,2.3075,1.06,960,1174,336,411
7,19,Stage 7-19,14,21006,7,21004,7,,,,,,15,2.3945,1.06,991,1212,346,425
7,20,Stage 7-20,14,21006,6,21004,7,,,821006,1,,15,2.485,1.06,1045,1278,365,448
8,1,Stage 8-1,8,21006,6,21004,2,,,,,,15,1.9805,1.07,342,419,119,147
8,2,Stage 8-2,8,21006,6,21004,2,,,,,,15,2.0435,1.07,353,432,123,152
8,3,Stage 8-3,8,21006,6,21004,2,,,,,,15,2.1095,1.07,364,446,127,156
8,4,Stage 8-4,8,21006,5,21004,3,,,,,,15,2.177,1.07,376,460,131,161
8,5,Stage 8-5,8,21006,5,21004,3,,,,,,15,2.2465,1.07,388,475,135,167
8,6,Stage 8-6,11,21006,6,21004,5,,,,,,15,2.3185,1.07,551,674,192,236
8,7,Stage 8-7,11,21006,6,21004,5,,,,,,15,2.3925,1.07,568,696,199,244
8,8,Stage 8-8,11,21006,6,21004,5,,,,,,15,2.4695,1.07,586,718,205,252
8,9,Stage 8-9,11,21006,6,21004,5,,,,,,15,2.5485,1.07,605,741,211,260
8,10,Stage 8-10,11,21006,5,21004,5,,,821006,1,,15,2.893,1.07,624,764,218,268
8,11,Stage 8-11,15,21006,8,21004,7,,,,,,15,2.7145,1.07,879,1076,307,377
8,12,Stage 8-12,15,21006,8,21004,7,,,,,,15,2.801,1.07,907,1110,317,389
8,13,Stage 8-13,15,21006,8,21004,7,,,,,,15,2.891,1.07,936,1145,327,401
8,14,Stage 8-14,15,21006,8,21004,7,,,,,,15,2.9835,1.07,966,1182,338,414
8,15,Stage 8-15,15,21006,8,21004,7,,,,,,15,3.079,1.07,997,1220,349,427
8,16,Stage 8-16,15,21006,8,21004,7,,,,,,15,3.1775,1.07,1029,1259,360,441
8,17,Stage 8-17,15,21006,8,21004,7,,,,,,15,3.2795,1.07,1062,1299,371,455
8,18,Stage 8-18,15,21006,8,21004,7,,,,,,15,3.384,1.07,1096,1341,383,470
8,19,Stage 8-19,15,21006,8,21004,7,,,,,,15,3.4925,1.07,1131,1384,396,485
8,20,Stage 8-20,15,21006,7,21004,7,,,821005,1,,15,3.965,1.07,1199,1466,419,514
9,1,Stage 9-1,8,21006,6,21004,2,,,,,,15,2.1215,1.08,366,449,128,157
9,2,Stage 9-2,8,21006,6,21004,2,,,,,,15,2.1885,1.08,378,463,132,162
9,3,Stage 9-3,8,21006,6,21004,2,,,,,,15,2.258,1.08,390,477,136,167
9,4,Stage 9-4,8,21006,6,21004,2,,,,,,15,2.329,1.08,402,492,140,173
9,5,Stage 9-5,8,21006,6,21004,2,,,,,,15,2.4035,1.08,415,508,145,178
9,6,Stage 9-6,11,21006,6,21004,5,,,,,,15,2.4795,1.08,589,720,206,252
9,7,Stage 9-7,11,21006,6,21004,5,,,,,,15,2.5575,1.08,607,743,212,260
9,8,Stage 9-8,11,21006,6,21004,5,,,,,,15,2.639,1.08,627,767,219,269
9,9,Stage 9-9,11,21006,6,21004,5,,,,,,15,2.7225,1.08,646,791,226,277
9,10,Stage 9-10,11,21006,5,21004,5,,,821006,1,,15,3.0895,1.08,667,816,233,286
9,11,Stage 9-11,15,21006,8,21004,7,,,,,,15,2.897,1.08,938,1148,328,402
9,12,Stage 9-12,15,21006,8,21004,7,,,,,,15,2.989,1.08,968,1184,338,415
9,13,Stage 9-13,15,21006,8,21004,7,,,,,,15,3.0835,1.08,999,1222,349,428
9,14,Stage 9-14,15,21006,8,21004,7,,,,,,15,3.181,1.08,1030,1260,360,441
9,15,Stage 9-15,15,21006,8,21004,7,,,,,,15,3.2815,1.08,1063,1300,372,455
9,16,Stage 9-16,15,21006,8,21004,7,,,,,,15,3.3855,1.08,1097,1341,383,470
9,17,Stage 9-17,15,21006,8,21004,7,,,,,,15,3.4925,1.08,1131,1384,396,485
9,18,Stage 9-18,15,21006,8,21004,7,,,,,,15,3.6035,1.08,1167,1428,408,500
9,19,Stage 9-19,15,21006,8,21004,7,,,,,,15,3.7175,1.08,1204,1473,421,516
9,20,Stage 9-20,15,21006,7,21004,7,,,821005,1,,15,4.2185,1.08,1275,1560,446,546
10,1,Stage 10-1,9,21006,6,21004,3,,,,,,15,2.269,1.09,441,540,154,189
10,2,Stage 10-2,9,21006,6,21004,3,,,,,,15,2.34,1.09,454,557,159,195
10,3,Stage 10-3,9,21006,6,21004,3,,,,,,15,2.4135,1.09,469,574,164,201
10,4,Stage 10-4,9,21006,6,21004,3,,,,,,15,2.4895,1.09,483,592,169,208
10,5,Stage 10-5,9,21006,6,21004,3,,,,,,15,2.567,1.09,499,610,174,214
10,6,Stage 10-6,12,21006,6,21004,6,,,,,,15,2.6475,1.09,686,839,240,294
10,7,Stage 10-7,12,21006,6,21004,6,,,,,,15,2.7305,1.09,707,866,247,303
10,8,Stage 10-8,12,21006,6,21004,6,,,,,,15,2.8155,1.09,729,893,255,313
10,9,Stage 10-9,12,21006,6,21004,6,,,,,,15,2.9035,1.09,752,921,263,323
10,10,Stage 10-10,12,21006,6,21004,5,,,821006,1,,15,3.2945,1.09,782,957,274,335
10,11,Stage 10-11,16,21006,6,21004,6,21005,4,,,,15,2.769,1.09,1067,1305,373,457
10,12,Stage 10-12,16,21006,6,21004,6,21005,4,,,,15,2.856,1.09,1100,1346,385,471
10,13,Stage 10-13,16,21006,6,21004,6,21005,4,,,,15,2.945,1.09,1135,1388,397,486
10,14,Stage 10-14,16,21006,6,21004,6,21005,4,,,,15,3.037,1.09,1170,1432,409,501
10,15,Stage 10-15,16,21006,6,21004,6,21005,4,,,,15,3.132,1.09,1207,1477,422,517
10,16,Stage 10-16,16,21006,6,21004,6,21005,4,,,,15,3.231,1.09,1245,1523,435,533
10,17,Stage 10-17,16,21006,6,21004,6,21005,4,,,,15,3.332,1.09,1284,1570,449,550
10,18,Stage 10-18,16,21006,6,21004,6,21005,4,,,,15,3.436,1.09,1324,1619,463,567
10,19,Stage 10-19,16,21006,6,21004,6,21005,4,,,,15,3.544,1.09,1366,1670,478,585
10,20,Stage 10-20,16,21006,6,21004,5,21005,4,821005,1,,15,4.02,1.09,1452,1776,508,622
11,1,Stage 11-1,9,21009,5,21007,4,,,,,,15,1.659,1.1,471,576,164,202
11,2,Stage 11-2,9,21009,5,21007,4,,,,,,15,1.7105,1.1,485,594,170,208
11,3,Stage 11-3,9,21009,5,21007,4,,,,,,15,1.764,1.1,500,613,175,215
11,4,Stage 11-4,9,21009,5,21007,4,,,,,,15,1.8185,1.1,516,632,180,221
11,5,Stage 11-5,9,21009,5,21007,4,,,,,,15,1.875,1.1,532,651,186,228
11,6,Stage 11-6,12,21009,5,21007,5,21008,2,,,,15,2.025,1.1,731,895,256,314
11,7,Stage 11-7,12,21009,5,21007,5,21008,2,,,,15,2.088,1.1,754,923,264,323
11,8,Stage 11-8,12,21009,5,21007,5,21008,2,,,,15,2.153,1.1,778,951,272,333
11,9,Stage 11-9,12,21009,5,21007,5,21008,2,,,,15,2.219,1.1,802,981,280,344
11,10,Stage 11-10,12,21009,5,21007,4,21008,2,821005,1,,15,2.517,1.1,833,1020,291,357
11,11,Stage 11-11,16,21009,6,21007,6,21008,4,,,,15,2.359,1.1,1136,1390,397,487
11,12,Stage 11-12,16,21009,6,21007,6,21008,4,,,,15,2.432,1.1,1171,1433,410,502
11,13,Stage 11-13,16,21009,6,21007,6,21008,4,,,,15,2.507,1.1,1208,1477,422,517
11,14,Stage 11-14,16,21009,6,21007,6,21008,4,,,,15,2.585,1.1,1245,1523,436,533
11,15,Stage 11-15,16,21009,6,21007,6,21008,4,,,,15,2.665,1.1,1284,1570,449,550
11,16,Stage 11-16,16,21009,6,21007,6,21008,4,,,,15,2.748,1.1,1324,1619,463,567
11,17,Stage 11-17,16,21009,6,21007,6,21008,4,,,,15,2.833,1.1,1365,1669,477,585
11,18,Stage 11-18,16,21009,6,21007,6,21008,4,,,,15,2.921,1.1,1407,1721,492,603
11,19,Stage 11-19,16,21009,6,21007,6,21008,4,,,,15,3.011,1.1,1451,1774,507,621
11,20,Stage 11-20,16,21009,6,21007,5,21008,4,821003,1,,15,3.415,1.1,1542,1886,539,660
12,1,Stage 12-1,9,21009,5,21007,4,,,,,,15,1.7705,1.11,502,615,175,216
12,2,Stage 12-2,9,21009,5,21007,4,,,,,,15,1.822,1.11,517,633,181,222
12,3,Stage 12-3,9,21009,5,21007,4,,,,,,15,1.8745,1.11,532,651,186,228
12,4,Stage 12-4,9,21009,5,21007,4,,,,,,15,1.929,1.11,547,670,191,235
12,5,Stage 12-5,9,21009,5,21007,4,,,,,,15,1.9855,1.11,563,690,197,242
12,6,Stage 12-6,12,21009,5,21007,5,21008,2,,,,15,2.14,1.11,773,946,270,331
12,7,Stage 12-7,12,21009,5,21007,5,21008,2,,,,15,2.203,1.11,796,974,278,341
12,8,Stage 12-8,12,21009,5,21007,5,21008,2,,,,15,2.267,1.11,819,1002,286,351
12,9,Stage 12-9,12,21009,5,21007,5,21008,2,,,,15,2.333,1.11,843,1031,295,361
12,10,Stage 12-10,12,21009,5,21007,4,21008,2,821005,1,,15,2.641,1.11,874,1070,306,375
12,11,Stage 12-11,16,21009,6,21007,5,21008,5,,,,15,2.47,1.11,1190,1456,416,510
12,12,Stage 12-12,16,21009,6,21007,5,21008,5,,,,15,2.542,1.11,1224,1498,428,525
12,13,Stage 12-13,16,21009,6,21007,5,21008,5,,,,15,2.616,1.11,1260,1542,441,540
12,14,Stage 12-14,16,21009,6,21007,5,21008,5,,,,15,2.692,1.11,1297,1586,454,555
12,15,Stage 12-15,16,21009,6,21007,5,21008,5,,,,15,2.771,1.11,1335,1633,467,572
12,16,Stage 12-16,16,21009,6,21007,5,21008,5,,,,15,2.851,1.11,1373,1680,480,588
12,17,Stage 12-17,16,21009,6,21007,5,21008,5,,,,15,2.934,1.11,1413,1728,494,605
12,18,Stage 12-18,16,21009,6,21007,5,21008,5,,,,15,3.019,1.11,1455,1779,509,623
12,19,Stage 12-19,16,21009,6,21007,5,21008,5,,,,15,3.107,1.11,1497,1830,524,641
12,20,Stage 12-20,16,21009,6,21007,5,21008,4,821003,1,,15,3.517,1.11,1589,1943,556,680
13,1,Stage 13-1,10,21009,4,21007,4,21008,2,,,,15,1.976,1.12,595,728,208,255
13,2,Stage 13-2,10,21009,4,21007,4,21008,2,,,,15,2.03,1.12,611,748,213,262
13,3,Stage 13-3,10,21009,4,21007,4,21008,2,,,,15,2.085,1.12,627,768,219,269
13,4,Stage 13-4,10,21009,4,21007,4,21008,2,,,,15,2.142,1.12,645,789,225,277
13,5,Stage 13-5,10,21009,4,21007,4,21008,2,,,,15,2.2,1.12,662,811,231,284
13,6,Stage 13-6,13,21009,6,21007,4,21008,3,,,,15,2.26,1.12,885,1082,309,379
13,7,Stage 13-7,13,21009,6,21007,4,21008,3,,,,15,2.322,1.12,908,1111,318,389
13,8,Stage 13-8,13,21009,6,21007,4,21008,3,,,,15,2.385,1.12,933,1142,326,400
13,9,Stage 13-9,13,21009,6,21007,4,21008,3,,,,15,2.45,1.12,959,1173,335,411
13,10,Stage 13-10,13,21009,5,21007,4,21008,3,821005,1,,15,2.769,1.12,1000,1224,350,429
13,11,Stage 13-11,17,21009,7,21007,6,21011,4,,,,15,2.351,1.12,1324,1619,463,567
13,12,Stage 13-12,17,21009,7,21007,6,21011,4,,,,15,2.415,1.12,1360,1663,476,582
13,13,Stage 13-13,17,21009,7,21007,6,21011,4,,,,15,2.48,1.12,1397,1708,488,598
13,14,Stage 13-14,17,21009,7,21007,6,21011,4,,,,15,2.548,1.12,1435,1755,502,614
13,15,Stage 13-15,17,21009,7,21007,6,21011,4,,,,15,2.617,1.12,1474,1802,516,631
13,16,Stage 13-16,17,21009,7,21007,6,21011,4,,,,15,2.689,1.12,1514,1851,530,648
13,17,Stage 13-17,17,21009,7,21007,6,21011,4,,,,15,2.762,1.12,1555,1902,544,666
13,18,Stage 13-18,17,21009,7,21007,6,21011,4,,,,15,2.837,1.12,1597,1953,559,684
13,19,Stage 13-19,17,21009,7,21007,6,21011,4,,,,15,2.915,1.12,1641,2007,574,703
13,20,Stage 13-20,17,21009,7,21007,5,21011,4,821003,1,,15,3.294,1.12,1745,2134,611,747
14,1,Stage 14-1,10,21009,4,21007,4,21011,2,,,,15,1.912,1.13,633,775,221,271
14,2,Stage 14-2,10,21009,4,21008,4,21011,2,,,,15,1.961,1.13,649,794,227,278
14,3,Stage 14-3,10,21009,4,21007,4,21011,2,,,,15,2.011,1.13,666,815,233,285
14,4,Stage 14-4,10,21009,4,21008,4,21011,2,,,,15,2.062,1.13,683,835,239,293
14,5,Stage 14-5,10,21009,4,21007,4,21011,2,,,,15,2.114,1.13,700,857,245,300
14,6,Stage 14-6,13,21009,6,21008,4,21011,3,,,,15,2.168,1.13,933,1142,326,400
14,7,Stage 14-7,13,21009,6,21007,4,21011,3,,,,15,2.224,1.13,957,1171,335,410
14,8,Stage 14-8,13,21009,6,21008,4,21011,3,,,,15,2.28,1.13,982,1201,343,421
14,9,Stage 14-9,13,21009,6,21007,4,21011,3,,,,15,2.338,1.13,1007,1231,352,431
14,10,Stage 14-10,13,21009,5,21008,4,21011,3,821005,1,,15,2.638,1.13,1048,1282,367,449
14,11,Stage 14-11,17,21009,7,21007,6,21011,4,,,,15,2.459,1.13,1384,1693,484,593
14,12,Stage 14-12,17,21009,7,21008,6,21011,4,,,,15,2.522,1.13,1420,1736,497,608
14,13,Stage 14-13,17,21009,7,21007,6,21011,4,,,,15,2.586,1.13,1456,1781,509,624
14,14,Stage 14-14,17,21009,7,21008,6,21011,4,,,,15,2.652,1.13,1493,1826,522,639
14,15,Stage 14-15,17,21009,7,21007,6,21011,4,,,,15,2.719,1.13,1531,1873,536,656
14,16,Stage 14-16,17,21009,7,21008,6,21011,4,,,,15,2.789,1.13,1570,1920,549,672
14,17,Stage 14-17,17,21009,7,21007,6,21011,4,,,,15,2.86,1.13,1610,1969,563,690
14,18,Stage 14-18,17,21009,7,21008,6,21011,4,,,,15,2.933,1.13,1651,2019,578,707
14,19,Stage 14-19,17,21009,7,21007,6,21011,4,,,,15,3.007,1.13,1693,2071,592,725
14,20,Stage 14-20,17,21009,6,21008,6,21011,4,821003,1,,15,3.392,1.13,1798,2198,629,770
15,1,Stage 15-1,11,21011,4,21009,4,21008,3,,,,15,2.143,1.14,740,906,259,317
15,2,Stage 15-2,11,21011,4,21009,4,21008,3,,,,15,2.217,1.14,758,927,265,325
15,3,Stage 15-3,11,21011,4,21009,4,21008,3,,,,15,2.294,1.14,776,950,271,333
15,4,Stage 15-4,11,21011,4,21009,4,21008,3,,,,15,2.373,1.14,794,972,278,341
15,5,Stage 15-5,11,21011,4,21009,4,21008,3,,,,15,2.455,1.14,813,995,284,349
15,6,Stage 15-6,14,21011,6,21009,5,21008,3,,,,15,2.54,1.14,1060,1296,371,454
15,7,Stage 15-7,14,21011,6,21009,5,21008,3,,,,15,2.628,1.14,1085,1327,379,465
15,8,Stage 15-8,14,21011,6,21009,5,21008,3,,,,15,2.718,1.14,1111,1359,388,476
15,9,Stage 15-9,14,21011,6,21009,5,21008,3,,,,15,2.812,1.14,1137,1391,398,487
15,10,Stage 15-10,14,21011,6,21009,4,21008,3,821005,1,,15,2.909,1.14,1189,1455,416,509
15,11,Stage 15-11,18,21011,7,21009,6,21010,5,,,,15,2.648,1.14,1533,1875,536,657
15,12,Stage 15-12,18,21011,7,21009,6,21010,5,,,,15,2.74,1.14,1569,1919,549,672
15,13,Stage 15-13,18,21011,7,21009,6,21010,5,,,,15,2.834,1.14,1607,1965,562,688
15,14,Stage 15-14,18,21011,7,21009,6,21010,5,,,,15,2.932,1.14,1645,2011,575,704
15,15,Stage 15-15,18,21011,7,21009,6,21010,5,,,,15,3.034,1.14,1684,2059,589,721
15,16,Stage 15-16,18,21011,7,21009,6,21010,5,,,,15,3.138,1.14,1724,2108,603,738
15,17,Stage 15-17,18,21011,7,21009,6,21010,5,,,,15,3.247,1.14,1765,2158,617,756
15,18,Stage 15-18,18,21011,7,21009,6,21010,5,,,,15,3.359,1.14,1807,2209,632,774
15,19,Stage 15-19,18,21011,7,21009,6,21010,5,,,,15,3.475,1.14,1850,2262,647,792
15,20,Stage 15-20,18,21011,7,21009,6,21010,4,821003,1,,15,3.595,1.14,1967,2406,688,842
16,1,Stage 16-1,11,21010,4,21012,4,21013,3,,,,15,1.904,1.15,786,962,275,337
16,2,Stage 16-2,11,21010,4,21012,4,21013,3,,,,15,1.967,1.15,804,984,281,345
16,3,Stage 16-3,11,21010,4,21012,4,21013,3,,,,15,2.032,1.15,822,1005,287,352
16,4,Stage 16-4,11,21010,4,21012,4,21013,3,,,,15,2.1,1.15,840,1027,294,360
16,5,Stage 16-5,11,21010,4,21012,4,21013,3,,,,15,2.169,1.15,858,1050,300,368
16,6,Stage 16-6,14,21010,6,21012,5,21013,3,,,,15,2.241,1.15,1117,1366,391,478
16,7,Stage 16-7,14,21010,6,21012,5,21013,3,,,,15,2.315,1.15,1142,1396,399,489
16,8,Stage 16-8,14,21010,6,21012,5,21013,3,,,,15,2.392,1.15,1167,1427,408,500
16,9,Stage 16-9,14,21010,6,21012,5,21013,3,,,,15,2.471,1.15,1192,1459,417,511
16,10,Stage 16-10,14,21010,6,21012,4,21013,3,821003,1,,15,2.553,1.15,1245,1523,435,533
16,11,Stage 16-11,18,21010,7,21012,6,21013,5,,,,15,2.637,1.15,1602,1959,560,686
16,12,Stage 16-12,18,21010,7,21012,6,21013,5,,,,15,2.725,1.15,1637,2002,573,701
16,13,Stage 16-13,18,21010,7,21012,6,21013,5,,,,15,2.815,1.15,1674,2047,586,717
16,14,Stage 16-14,18,21010,7,21012,6,21013,5,,,,15,2.908,1.15,1711,2092,598,732
16,15,Stage 16-15,20,21010,8,21012,7,21013,5,,,,15,3.004,1.15,1943,2376,680,832
16,16,Stage 16-16,20,21010,8,21012,7,21013,5,,,,15,3.104,1.15,1986,2428,695,850
16,17,Stage 16-17,20,21010,8,21012,7,21013,5,,,,15,3.207,1.15,2030,2482,710,869
16,18,Stage 16-18,20,21010,8,21012,7,21013,5,,,,15,3.313,1.15,2074,2536,726,888
16,19,Stage 16-19,20,21010,8,21012,7,21013,5,,,,15,3.423,1.15,2121,2593,742,908
16,20,Stage 16-20,25,21010,8,21012,8,21013,8,821004,1,,15,3.536,1.15,2861,3498,1001,1225
17,1,Stage 17-1,12,21010,5,21012,4,21013,3,,,,15,2.146,1.16,910,1114,318,390
17,2,Stage 17-2,12,21010,5,21012,4,21013,3,,,,15,2.211,1.16,929,1137,325,398
17,3,Stage 17-3,12,21010,5,21012,4,21013,3,,,,15,2.278,1.16,948,1160,332,406
17,4,Stage 17-4,12,21010,5,21012,4,21013,3,,,,15,2.347,1.16,968,1184,338,415
17,5,Stage 17-5,15,21010,6,21012,5,21013,4,,,,15,2.419,1.16,1235,1510,432,529
17,6,Stage 17-6,15,21010,6,21012,5,21013,4,,,,15,2.492,1.16,1260,1541,441,540
17,7,Stage 17-7,15,21010,6,21012,5,21013,4,,,,15,2.567,1.16,1286,1573,450,551
17,8,Stage 17-8,15,21010,6,21012,5,21013,4,,,,15,2.645,1.16,1312,1605,459,562
17,9,Stage 17-9,15,21010,6,21012,5,21013,4,,,,15,2.725,1.16,1339,1638,468,574
17,10,Stage 17-10,15,21010,6,21012,5,21013,3,821003,1,,15,2.808,1.16,1403,1716,491,601
17,11,Stage 17-11,19,21010,8,21012,6,21013,5,,,,15,2.893,1.16,1767,2161,618,757
17,12,Stage 17-12,19,21010,8,21012,6,21013,5,,,,15,2.98,1.16,1803,2205,631,772
17,13,Stage 17-13,19,21010,8,21012,6,21013,5,,,,15,3.07,1.16,1840,2250,644,788
17,14,Stage 17-14,19,21010,8,21012,6,21013,5,,,,15,3.163,1.16,1878,2296,657,804
17,15,Stage 17-15,19,21010,8,21012,6,21013,5,,,,15,3.259,1.16,1916,2343,670,820
17,16,Stage 17-16,20,21010,8,21012,7,21013,5,,,,15,3.358,1.16,2058,2517,720,881
17,17,Stage 17-17,20,21010,8,21012,7,21013,5,,,,15,3.46,1.16,2101,2568,735,899
17,18,Stage 17-18,20,21010,8,21012,7,21014,5,,,,15,3.327,1.16,2144,2621,750,918
17,19,Stage 17-19,25,21010,10,21012,9,21014,6,,,,15,3.428,1.16,2735,3343,957,1171
17,20,Stage 17-20,25,21010,10,21012,8,21014,6,821004,1,,15,3.531,1.16,2947,3603,1031,1261
18,1,Stage 18-1,13,21010,6,21012,4,21013,3,,,,15,2.413,1.17,1046,1279,366,448
18,2,Stage 18-2,13,21010,6,21012,4,21013,3,,,,15,2.48,1.17,1066,1304,373,457
18,3,Stage 18-3,13,21010,6,21012,4,21013,3,,,,15,2.549,1.17,1086,1328,380,465
18,4,Stage 18-4,16,21010,7,21012,5,21013,4,,,,15,2.619,1.17,1362,1666,476,583
18,5,Stage 18-5,16,21010,7,21012,5,21013,4,,,,15,2.691,1.17,1388,1697,485,594
18,6,Stage 18-6,16,21010,7,21012,5,21013,4,,,,15,2.765,1.17,1414,1730,495,606
18,7,Stage 18-7,16,21010,7,21012,5,21013,4,,,,15,2.842,1.17,1441,1762,504,617
18,8,Stage 18-8,16,21010,7,21012,5,21013,4,,,,15,2.92,1.17,1468,1795,513,629
18,9,Stage 18-9,16,21010,7,21012,5,21013,4,,,,15,3.001,1.17,1496,1830,523,641
18,10,Stage 18-10,16,21010,6,21015,5,21014,4,821003,1,,15,2.878,1.17,1572,1922,550,673
18,11,Stage 18-11,19,21010,8,21015,6,21014,5,,,,15,2.957,1.17,1845,2256,645,790
18,12,Stage 18-12,19,21010,8,21015,6,21014,5,,,,15,3.039,1.17,1880,2298,658,805
18,13,Stage 18-13,19,21010,8,21015,6,21014,5,,,,15,3.123,1.17,1915,2342,670,820
18,14,Stage 18-14,19,21010,8,21015,6,21014,5,,,,15,3.209,1.17,1952,2387,683,836
18,15,Stage 18-15,19,21010,8,21015,6,21014,5,,,,15,3.298,1.17,1989,2432,696,851
18,16,Stage 18-16,20,21010,9,21015,6,21014,5,,,,15,3.389,1.17,2133,2608,746,913
18,17,Stage 18-17,20,21010,9,21015,6,21014,5,,,,15,3.482,1.17,2173,2657,760,930
18,18,Stage 18-18,25,21010,9,21015,9,21014,8,,,,15,3.578,1.17,2879,3520,1007,1232
18,19,Stage 18-19,25,21010,9,21015,9,21014,8,,,,15,3.677,1.17,2934,3587,1026,1256
18,20,Stage 18-20,25,21010,9,21015,9,21014,7,821004,1,,15,3.779,1.17,3162,3866,1106,1353
19,1,Stage 19-1,16,21010,7,21012,5,21013,4,,,,15,2.707,1.18,1364,1668,477,584
19,2,Stage 19-2,16,21010,7,21012,5,21013,4,,,,15,2.775,1.18,1388,1697,485,594
19,3,Stage 19-3,16,21010,7,21012,5,21013,4,,,,15,2.845,1.18,1412,1727,494,605
19,4,Stage 19-4,16,21010,7,21012,5,21013,4,,,,15,2.916,1.18,1436,1757,502,615
19,5,Stage 19-5,16,21010,7,21012,5,21013,4,,,,15,2.989,1.18,1462,1788,511,626
19,6,Stage 19-6,18,21010,7,21012,6,21013,5,,,,15,3.064,1.18,1673,2046,585,716
19,7,Stage 19-7,18,21010,7,21012,6,21013,5,,,,15,3.141,1.18,1702,2082,595,729
19,8,Stage 19-8,18,21010,7,21012,6,21013,5,,,,15,3.219,1.18,1732,2118,606,742
19,9,Stage 19-9,18,21010,7,21012,6,21013,5,,,,15,3.3,1.18,1762,2155,616,754
19,10,Stage 19-10,18,21010,7,21014,6,21015,4,821003,1,,15,3.157,1.18,1863,2278,652,798
19,11,Stage 19-11,20,21010,8,21014,7,21015,4,,,,15,3.236,1.18,1926,2355,674,824
19,12,Stage 19-12,20,21010,8,21014,7,21015,4,,,,15,3.317,1.18,1959,2396,685,839
19,13,Stage 19-13,20,21010,8,21014,7,21015,4,,,,15,3.4,1.18,1993,2437,697,853
19,14,Stage 19-14,20,21010,8,21014,7,21015,4,,,,15,3.485,1.18,2028,2480,710,868
19,15,Stage 19-15,20,21010,8,21014,7,21015,4,,,,15,3.573,1.18,2064,2523,722,883
19,16,Stage 19-16,20,21010,8,21014,7,21015,4,,,,15,3.662,1.18,2099,2567,734,899
19,17,Stage 19-17,25,21010,10,21014,8,21015,7,,,,15,3.754,1.18,2811,3437,984,1203
19,18,Stage 19-18,25,21010,10,21014,8,21015,7,,,,15,3.848,1.18,2860,3496,1001,1224
19,19,Stage 19-19,25,21010,10,21014,8,21015,7,,,,15,3.944,1.18,2910,3558,1018,1245
19,20,Stage 19-20,25,21010,10,21014,8,21015,6,821004,1,,15,4.043,1.18,3127,3822,1094,1338
20,1,Stage 20-1,17,21014,6,21015,6,21010,5,,,,15,2.829,1.19,1534,1876,537,657
20,2,Stage 20-2,17,21014,6,21015,6,21010,5,,,,15,2.893,1.19,1559,1906,545,668
20,3,Stage 20-3,17,21014,6,21015,6,21010,5,,,,15,2.958,1.19,1584,1937,554,678
20,4,Stage 20-4,17,21014,6,21015,6,21010,5,,,,15,3.025,1.19,1609,1968,563,689
20,5,Stage 20-5,17,21014,6,21015,6,21010,5,,,,15,3.093,1.19,1635,1999,572,700
20,6,Stage 20-6,19,21014,7,21015,7,21010,6,,,,15,3.163,1.19,1954,2389,684,837
20,7,Stage 20-7,19,21014,7,21015,7,21010,6,,,,15,3.235,1.19,1985,2427,694,850
20,8,Stage 20-8,19,21014,7,21015,7,21010,6,,,,15,3.308,1.19,2017,2466,706,863
20,9,Stage 20-9,19,21014,7,21015,7,21010,6,,,,15,3.383,1.19,2049,2506,717,877
20,10,Stage 20-10,19,21014,7,21015,6,21010,6,821003,1,,15,3.459,1.19,2175,2660,761,931
20,11,Stage 20-11,20,21014,8,21015,7,21010,5,,,,15,3.537,1.19,2115,2586,740,905
20,12,Stage 20-12,20,21014,8,21015,7,21010,5,,,,15,3.617,1.19,2149,2628,752,920
20,13,Stage 20-13,20,21014,8,21015,7,21010,5,,,,15,3.699,1.19,2183,2670,764,935
20,14,Stage 20-14,20,21014,8,21015,7,21010,5,,,,15,3.783,1.19,2218,2712,776,950
20,15,Stage 20-15,25,21014,10,21015,9,21010,6,,,,15,3.868,1.19,2817,3444,986,1206
20,16,Stage 20-16,25,21014,10,21015,9,21010,6,,,,15,3.956,1.19,2862,3499,1001,1225
20,17,Stage 20-17,25,21014,10,21015,9,21010,6,,,,15,4.045,1.19,2908,3555,1017,1245
20,18,Stage 20-18,25,21014,10,21015,9,21010,6,,,,15,4.137,1.19,2955,3613,1034,1265
20,19,Stage 20-19,25,21014,10,21015,9,21010,6,,,,15,4.23,1.19,3001,3670,1050,1285
20,20,Stage 20-20,25,21014,10,21015,8,21010,6,821004,1,,15,4.326,1.19,3220,3937,1127,1378
